{"v":"5.5.7","meta":{"g":"LottieFiles AE 0.1.20","a":"","k":"","d":"","tc":"#FFFFFF"},"fr":90,"ip":0,"op":1199,"w":1024,"h":1024,"nm":"Breath","ddd":0,"assets":[],"layers":[{"ddd":0,"ind":1,"ty":3,"nm":"pivot","sr":1,"ks":{"o":{"a":0,"k":0,"ix":11},"r":{"a":1,"k":[{"i":{"x":[0.691],"y":[0.428]},"o":{"x":[0.181],"y":[0.024]},"t":0,"s":[0]},{"i":{"x":[0.873],"y":[0.997]},"o":{"x":[0.098],"y":[0.124]},"t":240,"s":[62.841]},{"t":1141,"s":[360]}],"ix":10},"p":{"a":0,"k":[512,512,0],"ix":2},"a":{"a":0,"k":[50,50,0],"ix":1},"s":{"a":1,"k":[{"i":{"x":[0.798,0.798,0.37],"y":[0.999,0.999,1]},"o":{"x":[0.21,0.21,0.21],"y":[0,0,0]},"t":0,"s":[100,100,100]},{"i":{"x":[0.42,0.42,0.42],"y":[1,1,1]},"o":{"x":[0.21,0.21,0.21],"y":[0,0,0]},"t":240,"s":[150,150,100]},{"i":{"x":[0.853,0.853,0.42],"y":[0.992,0.992,1]},"o":{"x":[0.26,0.26,0.26],"y":[0,0,0]},"t":660,"s":[150,150,100]},{"t":1141,"s":[100,100,100]}],"ix":6}},"ao":0,"ip":0,"op":1284,"st":0,"bm":0},{"ddd":0,"ind":2,"ty":3,"nm":"NULL circle08","parent":1,"sr":1,"ks":{"o":{"a":0,"k":0,"ix":11},"r":{"a":0,"k":315,"ix":10},"p":{"a":0,"k":[50,50,0],"ix":2},"a":{"a":0,"k":[50,50,0],"ix":1},"s":{"a":0,"k":[100,100,100],"ix":6}},"ao":0,"ip":0,"op":240,"st":0,"bm":0},{"ddd":0,"ind":3,"ty":4,"nm":"circle08","parent":2,"sr":1,"ks":{"o":{"a":0,"k":50,"ix":11},"r":{"a":0,"k":0,"ix":10},"p":{"a":1,"k":[{"i":{"x":0.798,"y":0.999},"o":{"x":0.21,"y":0},"t":0,"s":[50,50,0],"to":[0,23.466,0],"ti":[0,0,0]},{"i":{"x":0.42,"y":0.42},"o":{"x":0.21,"y":0.21},"t":240,"s":[50,157,0],"to":[0,0,0],"ti":[0,0,0]},{"i":{"x":0.853,"y":0.992},"o":{"x":0.26,"y":0},"t":660,"s":[50,157,0],"to":[0,0,0],"ti":[0,0,0]},{"t":1140,"s":[50,50,0]}],"ix":2},"a":{"a":0,"k":[0,0,0],"ix":1},"s":{"a":0,"k":[100,100,100],"ix":6}},"ao":0,"shapes":[{"ty":"gr","it":[{"ind":0,"ty":"sh","ix":1,"ks":{"a":0,"k":{"i":[[-84.27,0],[0,-84.27],[84.27,0],[0,84.27]],"o":[[84.27,0],[0,84.27],[-84.27,0],[0,-84.27]],"v":[[0,-150],[150,0],[0,150],[-150,0]],"c":true},"ix":2},"nm":"Path 1","mn":"ADBE Vector Shape - Group","hd":false},{"ty":"fl","c":{"a":0,"k":[0,0.7764705882352941,0.6039215686274509,1],"ix":4},"o":{"a":0,"k":100,"ix":5},"r":1,"bm":0,"nm":"Fill 1","mn":"ADBE Vector Graphic - Fill","hd":false},{"ty":"tr","p":{"a":0,"k":[0,0],"ix":2},"a":{"a":0,"k":[0,0],"ix":1},"s":{"a":0,"k":[100,100],"ix":3},"r":{"a":0,"k":0,"ix":6},"o":{"a":0,"k":100,"ix":7},"sk":{"a":0,"k":0,"ix":4},"sa":{"a":0,"k":0,"ix":5},"nm":"Transform"}],"nm":"circle08","np":2,"cix":2,"bm":0,"ix":1,"mn":"ADBE Vector Group","hd":false}],"ip":0,"op":1284,"st":0,"bm":0},{"ddd":0,"ind":4,"ty":3,"nm":"NULL circle07","parent":1,"sr":1,"ks":{"o":{"a":0,"k":0,"ix":11},"r":{"a":0,"k":270,"ix":10},"p":{"a":0,"k":[50,50,0],"ix":2},"a":{"a":0,"k":[50,50,0],"ix":1},"s":{"a":0,"k":[100,100,100],"ix":6}},"ao":0,"ip":0,"op":240,"st":0,"bm":0},{"ddd":0,"ind":5,"ty":4,"nm":"circle07","parent":4,"sr":1,"ks":{"o":{"a":0,"k":50,"ix":11},"r":{"a":0,"k":0,"ix":10},"p":{"a":1,"k":[{"i":{"x":0.798,"y":0.999},"o":{"x":0.21,"y":0},"t":0,"s":[50,50,0],"to":[0,23.466,0],"ti":[0,0,0]},{"i":{"x":0.42,"y":0.42},"o":{"x":0.21,"y":0.21},"t":240,"s":[50,157,0],"to":[0,0,0],"ti":[0,0,0]},{"i":{"x":0.853,"y":0.992},"o":{"x":0.26,"y":0},"t":660,"s":[50,157,0],"to":[0,0,0],"ti":[0,0,0]},{"t":1141,"s":[50,50,0]}],"ix":2},"a":{"a":0,"k":[0,0,0],"ix":1},"s":{"a":0,"k":[100,100,100],"ix":6}},"ao":0,"shapes":[{"ty":"gr","it":[{"ind":0,"ty":"sh","ix":1,"ks":{"a":0,"k":{"i":[[-84.27,0],[0,-84.27],[84.27,0],[0,84.27]],"o":[[84.27,0],[0,84.27],[-84.27,0],[0,-84.27]],"v":[[0,-150],[150,0],[0,150],[-150,0]],"c":true},"ix":2},"nm":"Path 1","mn":"ADBE Vector Shape - Group","hd":false},{"ty":"fl","c":{"a":0,"k":[0,0.7764705882352941,0.6039215686274509,1],"ix":4},"o":{"a":0,"k":100,"ix":5},"r":1,"bm":0,"nm":"Fill 1","mn":"ADBE Vector Graphic - Fill","hd":false},{"ty":"tr","p":{"a":0,"k":[0,0],"ix":2},"a":{"a":0,"k":[0,0],"ix":1},"s":{"a":0,"k":[100,100],"ix":3},"r":{"a":0,"k":0,"ix":6},"o":{"a":0,"k":100,"ix":7},"sk":{"a":0,"k":0,"ix":4},"sa":{"a":0,"k":0,"ix":5},"nm":"Transform"}],"nm":"circle07","np":2,"cix":2,"bm":0,"ix":1,"mn":"ADBE Vector Group","hd":false}],"ip":0,"op":1284,"st":0,"bm":0},{"ddd":0,"ind":6,"ty":3,"nm":"NULL circle06","parent":1,"sr":1,"ks":{"o":{"a":0,"k":0,"ix":11},"r":{"a":0,"k":225,"ix":10},"p":{"a":0,"k":[50,50,0],"ix":2},"a":{"a":0,"k":[50,50,0],"ix":1},"s":{"a":0,"k":[100,100,100],"ix":6}},"ao":0,"ip":0,"op":240,"st":0,"bm":0},{"ddd":0,"ind":7,"ty":4,"nm":"circle06","parent":6,"sr":1,"ks":{"o":{"a":0,"k":50,"ix":11},"r":{"a":0,"k":0,"ix":10},"p":{"a":1,"k":[{"i":{"x":0.798,"y":0.999},"o":{"x":0.21,"y":0},"t":0,"s":[50,50,0],"to":[0,23.466,0],"ti":[0,0,0]},{"i":{"x":0.42,"y":0.42},"o":{"x":0.21,"y":0.21},"t":240,"s":[50,157,0],"to":[0,0,0],"ti":[0,0,0]},{"i":{"x":0.853,"y":0.992},"o":{"x":0.26,"y":0},"t":660,"s":[50,157,0],"to":[0,0,0],"ti":[0,0,0]},{"t":1141,"s":[50,50,0]}],"ix":2},"a":{"a":0,"k":[0,0,0],"ix":1},"s":{"a":0,"k":[100,100,100],"ix":6}},"ao":0,"shapes":[{"ty":"gr","it":[{"ind":0,"ty":"sh","ix":1,"ks":{"a":0,"k":{"i":[[-84.27,0],[0,-84.27],[84.27,0],[0,84.27]],"o":[[84.27,0],[0,84.27],[-84.27,0],[0,-84.27]],"v":[[0,-150],[150,0],[0,150],[-150,0]],"c":true},"ix":2},"nm":"Path 1","mn":"ADBE Vector Shape - Group","hd":false},{"ty":"fl","c":{"a":0,"k":[0,0.7764705882352941,0.6039215686274509,1],"ix":4},"o":{"a":0,"k":100,"ix":5},"r":1,"bm":0,"nm":"Fill 1","mn":"ADBE Vector Graphic - Fill","hd":false},{"ty":"tr","p":{"a":0,"k":[0,0],"ix":2},"a":{"a":0,"k":[0,0],"ix":1},"s":{"a":0,"k":[100,100],"ix":3},"r":{"a":0,"k":0,"ix":6},"o":{"a":0,"k":100,"ix":7},"sk":{"a":0,"k":0,"ix":4},"sa":{"a":0,"k":0,"ix":5},"nm":"Transform"}],"nm":"circle06","np":2,"cix":2,"bm":0,"ix":1,"mn":"ADBE Vector Group","hd":false}],"ip":0,"op":1284,"st":0,"bm":0},{"ddd":0,"ind":8,"ty":3,"nm":"NULL circle05","parent":1,"sr":1,"ks":{"o":{"a":0,"k":0,"ix":11},"r":{"a":0,"k":180,"ix":10},"p":{"a":0,"k":[50,50,0],"ix":2},"a":{"a":0,"k":[50,50,0],"ix":1},"s":{"a":0,"k":[100,100,100],"ix":6}},"ao":0,"ip":0,"op":240,"st":0,"bm":0},{"ddd":0,"ind":9,"ty":4,"nm":"circle05","parent":8,"sr":1,"ks":{"o":{"a":0,"k":50,"ix":11},"r":{"a":0,"k":0,"ix":10},"p":{"a":1,"k":[{"i":{"x":0.798,"y":0.999},"o":{"x":0.21,"y":0},"t":0,"s":[50,50,0],"to":[0,23.466,0],"ti":[0,0,0]},{"i":{"x":0.42,"y":0.42},"o":{"x":0.21,"y":0.21},"t":240,"s":[50,157,0],"to":[0,0,0],"ti":[0,0,0]},{"i":{"x":0.853,"y":0.992},"o":{"x":0.26,"y":0},"t":660,"s":[50,157,0],"to":[0,0,0],"ti":[0,0,0]},{"t":1141,"s":[50,50,0]}],"ix":2},"a":{"a":0,"k":[0,0,0],"ix":1},"s":{"a":0,"k":[100,100,100],"ix":6}},"ao":0,"shapes":[{"ty":"gr","it":[{"ind":0,"ty":"sh","ix":1,"ks":{"a":0,"k":{"i":[[-84.27,0],[0,-84.27],[84.27,0],[0,84.27]],"o":[[84.27,0],[0,84.27],[-84.27,0],[0,-84.27]],"v":[[0,-150],[150,0],[0,150],[-150,0]],"c":true},"ix":2},"nm":"Path 1","mn":"ADBE Vector Shape - Group","hd":false},{"ty":"fl","c":{"a":0,"k":[0,0.7764705882352941,0.6039215686274509,1],"ix":4},"o":{"a":0,"k":100,"ix":5},"r":1,"bm":0,"nm":"Fill 1","mn":"ADBE Vector Graphic - Fill","hd":false},{"ty":"tr","p":{"a":0,"k":[0,0],"ix":2},"a":{"a":0,"k":[0,0],"ix":1},"s":{"a":0,"k":[100,100],"ix":3},"r":{"a":0,"k":0,"ix":6},"o":{"a":0,"k":100,"ix":7},"sk":{"a":0,"k":0,"ix":4},"sa":{"a":0,"k":0,"ix":5},"nm":"Transform"}],"nm":"circle05","np":2,"cix":2,"bm":0,"ix":1,"mn":"ADBE Vector Group","hd":false}],"ip":0,"op":1284,"st":0,"bm":0},{"ddd":0,"ind":10,"ty":3,"nm":"NULL circle04","parent":1,"sr":1,"ks":{"o":{"a":0,"k":0,"ix":11},"r":{"a":0,"k":135,"ix":10},"p":{"a":0,"k":[50,50,0],"ix":2},"a":{"a":0,"k":[50,50,0],"ix":1},"s":{"a":0,"k":[100,100,100],"ix":6}},"ao":0,"ip":0,"op":240,"st":0,"bm":0},{"ddd":0,"ind":11,"ty":4,"nm":"circle04","parent":10,"sr":1,"ks":{"o":{"a":0,"k":50,"ix":11},"r":{"a":0,"k":0,"ix":10},"p":{"a":1,"k":[{"i":{"x":0.798,"y":0.999},"o":{"x":0.21,"y":0},"t":0,"s":[50,50,0],"to":[0,23.466,0],"ti":[0,0,0]},{"i":{"x":0.42,"y":0.42},"o":{"x":0.21,"y":0.21},"t":240,"s":[50,157,0],"to":[0,0,0],"ti":[0,0,0]},{"i":{"x":0.853,"y":0.992},"o":{"x":0.26,"y":0},"t":660,"s":[50,157,0],"to":[0,0,0],"ti":[0,0,0]},{"t":1141,"s":[50,50,0]}],"ix":2},"a":{"a":0,"k":[0,0,0],"ix":1},"s":{"a":0,"k":[100,100,100],"ix":6}},"ao":0,"shapes":[{"ty":"gr","it":[{"ind":0,"ty":"sh","ix":1,"ks":{"a":0,"k":{"i":[[-84.27,0],[0,-84.27],[84.27,0],[0,84.27]],"o":[[84.27,0],[0,84.27],[-84.27,0],[0,-84.27]],"v":[[0,-150],[150,0],[0,150],[-150,0]],"c":true},"ix":2},"nm":"Path 1","mn":"ADBE Vector Shape - Group","hd":false},{"ty":"fl","c":{"a":0,"k":[0,0.7764705882352941,0.6039215686274509,1],"ix":4},"o":{"a":0,"k":100,"ix":5},"r":1,"bm":0,"nm":"Fill 1","mn":"ADBE Vector Graphic - Fill","hd":false},{"ty":"tr","p":{"a":0,"k":[0,0],"ix":2},"a":{"a":0,"k":[0,0],"ix":1},"s":{"a":0,"k":[100,100],"ix":3},"r":{"a":0,"k":0,"ix":6},"o":{"a":0,"k":100,"ix":7},"sk":{"a":0,"k":0,"ix":4},"sa":{"a":0,"k":0,"ix":5},"nm":"Transform"}],"nm":"circle04","np":2,"cix":2,"bm":0,"ix":1,"mn":"ADBE Vector Group","hd":false}],"ip":0,"op":1284,"st":0,"bm":0},{"ddd":0,"ind":12,"ty":3,"nm":"NULL circle03","parent":1,"sr":1,"ks":{"o":{"a":0,"k":0,"ix":11},"r":{"a":0,"k":90,"ix":10},"p":{"a":0,"k":[50,50,0],"ix":2},"a":{"a":0,"k":[50,50,0],"ix":1},"s":{"a":0,"k":[100,100,100],"ix":6}},"ao":0,"ip":0,"op":240,"st":0,"bm":0},{"ddd":0,"ind":13,"ty":4,"nm":"circle03","parent":12,"sr":1,"ks":{"o":{"a":0,"k":50,"ix":11},"r":{"a":0,"k":0,"ix":10},"p":{"a":1,"k":[{"i":{"x":0.798,"y":0.999},"o":{"x":0.21,"y":0},"t":0,"s":[50,50,0],"to":[0,23.466,0],"ti":[0,0,0]},{"i":{"x":0.42,"y":0.42},"o":{"x":0.21,"y":0.21},"t":240,"s":[50,157,0],"to":[0,0,0],"ti":[0,0,0]},{"i":{"x":0.853,"y":0.992},"o":{"x":0.26,"y":0},"t":660,"s":[50,157,0],"to":[0,0,0],"ti":[0,0,0]},{"t":1141,"s":[50,50,0]}],"ix":2},"a":{"a":0,"k":[0,0,0],"ix":1},"s":{"a":0,"k":[100,100,100],"ix":6}},"ao":0,"shapes":[{"ty":"gr","it":[{"ind":0,"ty":"sh","ix":1,"ks":{"a":0,"k":{"i":[[-84.27,0],[0,-84.27],[84.27,0],[0,84.27]],"o":[[84.27,0],[0,84.27],[-84.27,0],[0,-84.27]],"v":[[0,-150],[150,0],[0,150],[-150,0]],"c":true},"ix":2},"nm":"Path 1","mn":"ADBE Vector Shape - Group","hd":false},{"ty":"fl","c":{"a":0,"k":[0,0.7764705882352941,0.6039215686274509,1],"ix":4},"o":{"a":0,"k":100,"ix":5},"r":1,"bm":0,"nm":"Fill 1","mn":"ADBE Vector Graphic - Fill","hd":false},{"ty":"tr","p":{"a":0,"k":[0,0],"ix":2},"a":{"a":0,"k":[0,0],"ix":1},"s":{"a":0,"k":[100,100],"ix":3},"r":{"a":0,"k":0,"ix":6},"o":{"a":0,"k":100,"ix":7},"sk":{"a":0,"k":0,"ix":4},"sa":{"a":0,"k":0,"ix":5},"nm":"Transform"}],"nm":"circle03","np":2,"cix":2,"bm":0,"ix":1,"mn":"ADBE Vector Group","hd":false}],"ip":0,"op":1284,"st":0,"bm":0},{"ddd":0,"ind":14,"ty":3,"nm":"NULL circle02","parent":1,"sr":1,"ks":{"o":{"a":0,"k":0,"ix":11},"r":{"a":0,"k":45,"ix":10},"p":{"a":0,"k":[50,50,0],"ix":2},"a":{"a":0,"k":[50,50,0],"ix":1},"s":{"a":0,"k":[100,100,100],"ix":6}},"ao":0,"ip":0,"op":240,"st":0,"bm":0},{"ddd":0,"ind":15,"ty":4,"nm":"circle02","parent":14,"sr":1,"ks":{"o":{"a":0,"k":50,"ix":11},"r":{"a":0,"k":0,"ix":10},"p":{"a":1,"k":[{"i":{"x":0.798,"y":0.999},"o":{"x":0.21,"y":0},"t":0,"s":[50,50,0],"to":[0,23.466,0],"ti":[0,0,0]},{"i":{"x":0.42,"y":0.42},"o":{"x":0.21,"y":0.21},"t":240,"s":[50,157,0],"to":[0,0,0],"ti":[0,0,0]},{"i":{"x":0.853,"y":0.992},"o":{"x":0.26,"y":0},"t":660,"s":[50,157,0],"to":[0,0,0],"ti":[0,0,0]},{"t":1141,"s":[50,50,0]}],"ix":2},"a":{"a":0,"k":[0,0,0],"ix":1},"s":{"a":0,"k":[100,100,100],"ix":6}},"ao":0,"shapes":[{"ty":"gr","it":[{"ind":0,"ty":"sh","ix":1,"ks":{"a":0,"k":{"i":[[-84.27,0],[0,-84.27],[84.27,0],[0,84.27]],"o":[[84.27,0],[0,84.27],[-84.27,0],[0,-84.27]],"v":[[0,-150],[150,0],[0,150],[-150,0]],"c":true},"ix":2},"nm":"Path 1","mn":"ADBE Vector Shape - Group","hd":false},{"ty":"fl","c":{"a":0,"k":[0,0.7764705882352941,0.6039215686274509,1],"ix":4},"o":{"a":0,"k":100,"ix":5},"r":1,"bm":0,"nm":"Fill 1","mn":"ADBE Vector Graphic - Fill","hd":false},{"ty":"tr","p":{"a":0,"k":[0,0],"ix":2},"a":{"a":0,"k":[0,0],"ix":1},"s":{"a":0,"k":[100,100],"ix":3},"r":{"a":0,"k":0,"ix":6},"o":{"a":0,"k":100,"ix":7},"sk":{"a":0,"k":0,"ix":4},"sa":{"a":0,"k":0,"ix":5},"nm":"Transform"}],"nm":"circle02","np":2,"cix":2,"bm":0,"ix":1,"mn":"ADBE Vector Group","hd":false}],"ip":0,"op":1284,"st":0,"bm":0},{"ddd":0,"ind":16,"ty":3,"nm":"NULL circle01","parent":1,"sr":1,"ks":{"o":{"a":0,"k":0,"ix":11},"r":{"a":0,"k":0,"ix":10},"p":{"a":0,"k":[50,50,0],"ix":2},"a":{"a":0,"k":[50,50,0],"ix":1},"s":{"a":0,"k":[100,100,100],"ix":6}},"ao":0,"ip":0,"op":240,"st":0,"bm":0},{"ddd":0,"ind":17,"ty":4,"nm":"circle01","parent":16,"sr":1,"ks":{"o":{"a":0,"k":50,"ix":11},"r":{"a":0,"k":0,"ix":10},"p":{"a":1,"k":[{"i":{"x":0.798,"y":0.999},"o":{"x":0.21,"y":0},"t":0,"s":[50,50,0],"to":[0,23.466,0],"ti":[0,0,0]},{"i":{"x":0.42,"y":0.42},"o":{"x":0.21,"y":0.21},"t":240,"s":[50,157,0],"to":[0,0,0],"ti":[0,0,0]},{"i":{"x":0.853,"y":0.992},"o":{"x":0.26,"y":0},"t":660,"s":[50,157,0],"to":[0,0,0],"ti":[0,0,0]},{"t":1141,"s":[50,50,0]}],"ix":2},"a":{"a":0,"k":[0,0,0],"ix":1},"s":{"a":0,"k":[100,100,100],"ix":6}},"ao":0,"shapes":[{"ty":"gr","it":[{"ind":0,"ty":"sh","ix":1,"ks":{"a":0,"k":{"i":[[-84.27,0],[0,-84.27],[84.27,0],[0,84.27]],"o":[[84.27,0],[0,84.27],[-84.27,0],[0,-84.27]],"v":[[0,-150],[150,0],[0,150],[-150,0]],"c":true},"ix":2},"nm":"Path 1","mn":"ADBE Vector Shape - Group","hd":false},{"ty":"fl","c":{"a":0,"k":[0,0.7764705882352941,0.6039215686274509,1],"ix":4},"o":{"a":0,"k":100,"ix":5},"r":1,"bm":0,"nm":"Fill 1","mn":"ADBE Vector Graphic - Fill","hd":false},{"ty":"tr","p":{"a":0,"k":[0,0],"ix":2},"a":{"a":0,"k":[0,0],"ix":1},"s":{"a":0,"k":[100,100],"ix":3},"r":{"a":0,"k":0,"ix":6},"o":{"a":0,"k":100,"ix":7},"sk":{"a":0,"k":0,"ix":4},"sa":{"a":0,"k":0,"ix":5},"nm":"Transform"}],"nm":"circle01","np":2,"cix":2,"bm":0,"ix":1,"mn":"ADBE Vector Group","hd":false}],"ip":0,"op":1284,"st":0,"bm":0}],"markers":[]}