{
  "project_info": {
    "project_number": "939549372785",
    "project_id": "eisec-d56b5",
    "storage_bucket": "eisec-d56b5.appspot.com"
  },
  "client": [
    {
      "client_info": {
        "mobilesdk_app_id": "1:939549372785:android:740ee8b556c3cf692dc6d0",
        "android_client_info": {
          "package_name": "com.helic.eisec"
        }
      },
      "oauth_client": [
        {
          "client_id": "939549372785-j71qk0kap87rir31hje2m03hd1q904hj.apps.googleusercontent.com",
          "client_type": 3
        }
      ],
      "api_key": [
        {
          "current_key": "AIzaSyAQXg_mUq2406vWYyCMUDjup8AWJBMGp9M"
        }
      ],
      "services": {
        "appinvite_service": {
          "other_platform_oauth_client": [
            {
              "client_id": "939549372785-j71qk0kap87rir31hje2m03hd1q904hj.apps.googleusercontent.com",
              "client_type": 3
            }
          ]
        }
      }
    }
  ],
  "configuration_version": "1"
}